Workbook

Sheet Crime Stats Per Suburb
A1: Suburb | B1: Total Crimes Per Population 2025 | C1: High Risk Alcohol Consumption | D1: Education Levels Year 9 and Below | E1: Proportion Low Income Households | F1: Non Workforce Participation
A2: Blacktown | B2: =12912/Education!F3 -> 0.032542291 | C2: ='Alcohol Consumption'!B2 -> 0.085 | D2: =Education!G3 -> 0.083195556 | E2: =Poverty!B2 -> 0.125 | F2: =Unemployment!E2 -> 0.337
A3: Sydney CBD | B3: =8742/Education!F2 -> 0.55770335 | C3: ='Alcohol Consumption'!B3 -> 0.18 | D3: =Education!G2 -> 0.036299841 | E3: =Poverty!B3 -> 0.1702815 | F3: =Unemployment!E3 -> 0.25
A4: Penrith | B4: =8328/Education!F4 -> 0.038260806 | C4: ='Alcohol Consumption'!B4 -> 0.09 | D4: =Education!G4 -> 0.090350265 | E4: =Poverty!B4 -> 0.135 | F4: =Unemployment!E4 -> 0.317
A5: Mount Druitt | B5: =10654/Education!F5 -> 0.62722242 | C5: ='Alcohol Consumption'!B5 -> 0.085 | D5: =Education!G5 -> 0.069704462 | E5: =Poverty!B5 -> 0.166 | F5: =Unemployment!E5 -> 0.416
A6: Campbelltown | B6: =7913/Education!F6 -> 0.044828036 | C6: ='Alcohol Consumption'!B6 -> 0.09 | D6: =Education!G6 -> 0.092607595 | E6: =Poverty!B6 -> 0.19451055 | F6: =Unemployment!E6 -> 0.373
A7: Liverpool | B7: =15069/Education!F7 -> 0.06455026 | C7: ='Alcohol Consumption'!B7 -> 0.085 | D7: =Education!G7 -> 0.11039384 | E7: =Poverty!B7 -> 0.151 | F7: =Unemployment!E7 -> 0.404
A8: Paramatta | B8: =10116/Education!F8 -> 0.039403418 | C8: ='Alcohol Consumption'!B8 -> 0.07 | D8: =Education!G8 -> 0.063272945 | E8: =Poverty!B8 -> 0.131 | F8: =Unemployment!E8 -> 0.33
A9: St Marys | B9: =7356/Education!F9 -> 0.55491853 | C9: ='Alcohol Consumption'!B9 -> 0.09 | D9: =Education!G9 -> 0.098521424 | E9: =Poverty!B9 -> 0.18235171 | F9: =Unemployment!E9 -> 0.353
A10: Surry Hills | B10: =5188/Education!F10 -> 0.32777357 | C10: ='Alcohol Consumption'!B10 -> 0.18 | D10: =Education!G10 -> 0.026408896 | E10: =Poverty!B10 -> 0.13760288 | F10: =Unemployment!E10 -> 0.212
A11: Melbourne CBD | B11: =18024/Education!F11 -> 0.32806101 | C11: ='Alcohol Consumption'!B11 -> 0.135 | D11: =Education!G11 -> 0.031379116 | E11: =Poverty!B15 -> 0.18 | F11: =Unemployment!E16 -> 0.218
A12: Yarra | B12: =4111/Education!F12 -> 1.429913 | C12: ='Alcohol Consumption'!B12 -> 0.22 | D12: =Education!G12 -> 0.10991304 | E12: =Poverty!B16 -> 0.132 | F12: =Unemployment!E17 -> 0.38
A13: Carlton | B13: =2694/Education!F13 -> 0.16779819 | C13: ='Alcohol Consumption'!B13 -> 0.22 | D13: =Education!G13 -> 0.041046403 | E13: =Poverty!B17 -> 0.297 | F13: =Unemployment!E18 -> 0.306
A14: Frankston | B14: =9307/Education!F14 -> 0.24931022 | C14: ='Alcohol Consumption'!B14 -> 0.108 | D14: =Education!G14 -> 0.085183895 | E14: =Poverty!B18 -> 0.22 | F14: =Unemployment!E19 -> 0.337
A15: Campbellfield | B15: =8169/Education!F15 -> 1.6413502 | C15: ='Alcohol Consumption'!B15 -> 0.076 | D15: =Education!G15 -> 0.21719912 | E15: =Poverty!B19 -> 0.248 | F15: =Unemployment!E20 -> 0.508
A16: Docklands | B16: =3037/Education!F16 -> 0.19599871 | C16: ='Alcohol Consumption'!B16 -> 0.135 | D16: =Education!G16 -> 0.032462085 | E16: =Poverty!B20 -> 0.139 | F16: =Unemployment!E21 -> 0.199
A17: Southbank | B17: =3322/Education!F17 -> 0.1467898 | C17: ='Alcohol Consumption'!B17 -> 0.135 | D17: =Education!G17 -> 0.028765852 | E17: =Poverty!B21 -> 0.119 | F17: =Unemployment!E22 -> 0.166
A18: Broadmeadows | B18: =3932/Education!F18 -> 0.3139572 | C18: ='Alcohol Consumption'!B18 -> 0.076 | D18: =Education!G18 -> 0.15993293 | E18: =Poverty!B22 -> 0.255 | F18: =Unemployment!E23 -> 0.451
A19: St Kilda | B19: =4364/Education!F19 -> 0.2239097 | C19: ='Alcohol Consumption'!B19 -> 0.206 | D19: =Education!G19 -> 0.041303232 | E19: =Poverty!B23 -> 0.141 | F19: =Unemployment!E24 -> 0.191
A20: Melton | B20: =16827/Education!F20 -> 2.1158054 | C20: ='Alcohol Consumption'!B20 -> 0.09 | D20: =Education!G20 -> 0.13428895 | E20: =Poverty!B24 -> 0.266 | F20: =Unemployment!E25 -> 0.444
A21: Werribe | B21: =5644/Education!F21 -> 0.11281908 | C21: ='Alcohol Consumption'!B21 -> 0.096 | D21: =Education!G21 -> 0.10658245 | E21: =Poverty!B25 -> 0.161 | F21: =Unemployment!E26 -> 0.318
A22: Morwell | B22: =14011/Education!F22 -> 0.97372993 | C22: ='Alcohol Consumption'!B22 -> 0.076 | D22: =Education!G22 -> 0.13955105 | E22: =Poverty!B26 -> 0.323 | F22: =Unemployment!E27 -> 0.449
A23: Civic | B23: =1120/Education!F23 -> 0.23164426 | C23: ='Alcohol Consumption'!B23 -> 0.268 | D23: =Education!G23 -> 0.016339193 | E23: =Poverty!B27 -> 0.119 | F23: =Unemployment!E28 -> 0.212
A24: Belconnen | B24: =980/Education!F24 -> 0.115267 | C24: ='Alcohol Consumption'!B24 -> 0.185 | D24: =Education!G24 -> 0.034697718 | E24: =Poverty!B28 -> 0.105 | F24: =Unemployment!E29 -> 0.219
A25: Kambah | B25: =620/Education!F24 -> 0.072924018 | C25: ='Alcohol Consumption'!B25 -> 0.185 | D25: =Education!G25 -> 0.070325463 | E25: =Poverty!B29 -> 0.1 | F25: =Unemployment!E30 -> 0.335
A26: Phillip | B26: =550/Education!F26 -> 0.10583029 | C26: ='Alcohol Consumption'!B26 -> 0.268 | D26: =Education!G26 -> 0.031556667 | E26: =Poverty!B30 -> 0.076 | F26: =Unemployment!E31 -> 0.159
A27: Gungahlin | B27: =710/Education!F27 -> 0.082692756 | C27: ='Alcohol Consumption'!B27 -> 0.185 | D27: =Education!G27 -> 0.054157932 | E27: =Poverty!B31 -> 0.091 | F27: =Unemployment!E32 -> 0.202
A28: Braddon | B28: =580/Education!F28 -> 0.090866364 | C28: ='Alcohol Consumption'!B28 -> 0.37 | D28: =Education!G28 -> 0.027573241 | E28: =Poverty!B32 -> 0.119 | F28: =Unemployment!E33 -> 0.142
A29: Ngunnawal | B29: =350/Education!F29 -> 0.03194305 | C29: ='Alcohol Consumption'!B29 -> 0.185 | D29: =Education!G29 -> 0.058957744 | E29: =Poverty!B33 -> 0.09 | F29: =Unemployment!E34 -> 0.24
A30: Richardson | B30: =380/Education!F30 -> 0.12426422 | C30: ='Alcohol Consumption'!B30 -> 0.185 | D30: =Education!G30 -> 0.080444735 | E30: =Poverty!B34 -> 0.101 | F30: =Unemployment!E35 -> 0.277
A31: Charnwood | B31: =450/Education!F31 -> 0.14729951 | C31: ='Alcohol Consumption'!B31 -> 0.31 | D31: =Education!G31 -> 0.08314239 | E31: =Poverty!B35 -> 0.12 | F31: =Unemployment!E36 -> 0.297
A32: Narrabundah | B32: =320/Education!F32 -> 0.049573974 | C32: ='Alcohol Consumption'!B32 -> 0.37 | D32: =Education!G32 -> 0.055460883 | E32: =Poverty!B36 -> 0.075 | F32: =Unemployment!E37 -> 0.3
A33: Adelaide CBD | B33: =8510/Education!F33 -> 0.46753104 | C33: ='Alcohol Consumption'!B33 -> 0.32 | D33: =Education!G33 -> 0.040544995 | E33: =Poverty!B37 -> 0.275 | F33: =Unemployment!E38 -> 0.336
A34: Sailsbury | B34: =1980/Education!F34 -> 0.22395657 | C34: ='Alcohol Consumption'!B34 -> 0.22 | D34: =Education!G34 -> 0.16774121 | E34: =Poverty!B38 -> 0.23 | F34: =Unemployment!E39 -> 0.446
A35: Elizabeth | B35: =1530/Education!F35 -> 1.4811229 | C35: ='Alcohol Consumption'!B35 -> 0.26 | D35: =Education!G35 -> 0.11907067 | E35: =Poverty!B39 -> 0.275 | F35: =Unemployment!E40 -> 0.469
A36: Daveron Park | B36: =1210/Education!F36 -> 0.18929912 | C36: ='Alcohol Consumption'!B36 -> 0.25 | D36: =Education!G36 -> 0.13548185 | E36: =Poverty!B40 -> 0.29 | F36: =Unemployment!E41 -> 0.467
A37: Oaklands Park | B37: =1150/Education!F37 -> 0.29128673 | C37: ='Alcohol Consumption'!B37 -> 0.19 | D37: =Education!G37 -> 0.089665653 | E37: =Poverty!B41 -> 0.26 | F37: =Unemployment!E42 -> 0.4
A38: Paralowie | B38: =890/Education!F38 -> 0.050845521 | C38: ='Alcohol Consumption'!B38 -> 0.2 | D38: =Education!G38 -> 0.12048675 | E38: =Poverty!B42 -> 0.2 | F38: =Unemployment!E43 -> 0.332
A39: Ingle Farm | B39: =770/Education!F39 -> 0.080687415 | C39: ='Alcohol Consumption'!B39 -> 0.21 | D39: =Education!G39 -> 0.10719899 | E39: =Poverty!B43 -> 0.21 | F39: =Unemployment!E44 -> 0.39
A40: Glenelg | B40: =727/Education!F40 -> 0.21133721 | C40: ='Alcohol Consumption'!B40 -> 0.34 | D40: =Education!G40 -> 0.068604651 | E40: =Poverty!B44 -> 0.11 | F40: =Unemployment!E45 -> 0.435
A41: Port Adelaide | B41: =641/Education!F41 -> 0.47907324 | C41: ='Alcohol Consumption'!B41 -> 0.24 | D41: =Education!G41 -> 0.091180867 | E41: =Poverty!B45 -> 0.26 | F41: =Unemployment!E46 -> 0.334
A42: Gepps Cross | B42: =423/Education!F42 -> 0.65277778 | C42: ='Alcohol Consumption'!B42 -> 0.18 | D42: =Education!G42 -> 0.11265432 | E42: =Poverty!B46 -> 0.19 | F42: =Unemployment!E47 -> 0.396
A43: Perth CBD | B43: =11014/Education!F43 -> 0.80570593 | C43: ='Alcohol Consumption'!B43 -> 0.287 | D43: =Education!G43 -> 0.039063643 | E43: =Poverty!B47 -> 0.156 | F43: =Unemployment!E48 -> 0.183
A44: Northbridge | B44: =2942/Education!F44 -> 2.071831 | C44: ='Alcohol Consumption'!B44 -> 0.287 | D44: =Education!G44 -> 0.033098592 | E44: =Poverty!B48 -> 0.156 | F44: =Unemployment!E49 -> 0.145
A45: Armadale | B45: =4333/Education!F45 -> 0.32299665 | C45: ='Alcohol Consumption'!B45 -> 0.315 | D45: =Education!G45 -> 0.094893776 | E45: =Poverty!B49 -> 0.134 | F45: =Unemployment!E50 -> 0.416
A46: Fremantle | B46: =4014/Education!F46 -> 0.43389904 | C46: ='Alcohol Consumption'!B46 -> 0.18 | D46: =Education!G46 -> 0.056858718 | E46: =Poverty!B50 -> 0.108 | F46: =Unemployment!E51 -> 0.274
A47: Gosnells | B47: =3593/Education!F47 -> 0.16988983 | C47: ='Alcohol Consumption'!B47 -> 0.11 | D47: =Education!G47 -> 0.10104497 | E47: =Poverty!B51 -> 0.114 | F47: =Unemployment!E52 -> 0.367
A48: Cannington | B48: =3566/Education!F48 -> 0.51869091 | C48: ='Alcohol Consumption'!B48 -> 0.11 | D48: =Education!G48 -> 0.070981818 | E48: =Poverty!B52 -> 0.142 | F48: =Unemployment!E53 -> 0.246
A49: Rockingham | B49: =3164/Education!F49 -> 0.20663532 | C49: ='Alcohol Consumption'!B49 -> 0.3 | D49: =Education!G49 -> 0.086141588 | E49: =Poverty!B53 -> 0.126 | F49: =Unemployment!E54 -> 0.401
A50: Cloverdale | B50: =2838/Education!F50 -> 0.32017148 | C50: ='Alcohol Consumption'!B50 -> 0.13 | D50: =Education!G50 -> 0.07840704 | E50: =Poverty!B54 -> 0.145 | F50: =Unemployment!E55 -> 0.286
A51: Midland | B51: =2375/Education!F51 -> 0.37490134 | C51: ='Alcohol Consumption'!B51 -> 0.13 | D51: =Education!G51 -> 0.08792423 | E51: =Poverty!B55 -> 0.13 | F51: =Unemployment!E56 -> 0.332
A52: Bentley | B52: =2466/Education!F52 -> 0.27245608 | C52: ='Alcohol Consumption'!B52 -> 0.12 | D52: =Education!G52 -> 0.064302287 | E52: =Poverty!B56 -> 0.233 | F52: =Unemployment!E57 -> 0.325
A53: Hobart CBD | B53: =10234/53000 -> 0.19309434 | C53: ='Alcohol Consumption'!B53 -> 0.38 | D53: =Education!G53 -> 0.044837758 | E53: =Poverty!B57 -> 0.148 | F53: =Unemployment!E58 -> 0.326
A54: Glenorchy | B54: =5312/50743 -> 0.10468439 | C54: ='Alcohol Consumption'!B54 -> 0.279 | D54: =Education!G54 -> 0.11695663 | E54: =Poverty!B58 -> 0.25 | F54: =Unemployment!E59 -> 0.374
A55: Bridgewater | B55: =2482/14000 -> 0.17728571 | C55: ='Alcohol Consumption'!B55 -> 0.27 | D55: =Education!G55 -> 0.11650697 | E55: =Poverty!B59 -> 0.42 | F55: =Unemployment!E60 -> 0.454
A56: North Hobart | B56: =10234/53000 -> 0.19309434 | C56: ='Alcohol Consumption'!B56 -> 0.36 | D56: =Education!G56 -> 0.054615385 | E56: =Poverty!B60 -> 0.12 | F56: =Unemployment!E61 -> 0.256
A57: Gagebrook | B57: =2482/14000 -> 0.17728571 | C57: ='Alcohol Consumption'!B57 -> 0.27 | D57: =Education!G57 -> 0.12086514 | E57: =Poverty!B61 -> 0.42 | F57: =Unemployment!E62 -> 0.48
A58: Clarendon Vale | B58: =4845/60000 -> 0.08075 | C58: ='Alcohol Consumption'!B58 -> 0.29 | D58: =Education!G58 -> 0.1058104 | E58: =Poverty!B62 -> 0.36 | F58: =Unemployment!E63 -> 0.47
A59: Warrane | B59: =4845/60000 -> 0.08075 | C59: ='Alcohol Consumption'!B59 -> 0.3 | D59: =Education!G59 -> 0.11725417 | E59: =Poverty!B63 -> 0.3 | F59: =Unemployment!E64 -> 0.396
A60: Moonah | B60: =5312/50743 -> 0.10468439 | C60: ='Alcohol Consumption'!B60 -> 0.28 | D60: =Education!G60 -> 0.08735554 | E60: =Poverty!B64 -> 0.23 | F60: =Unemployment!E65 -> 0.298
A61: Rokeby | B61: =4845/60000 -> 0.08075 | C61: ='Alcohol Consumption'!B61 -> 0.29 | D61: =Education!G61 -> 0.091902161 | E61: =Poverty!B65 -> 0.32 | F61: =Unemployment!E66 -> 0.33
A62: Mornington | B62: =4845/60000 -> 0.08075 | C62: ='Alcohol Consumption'!B62 -> 0.3 | D62: =Education!G62 -> 0.088294856 | E62: =Poverty!B66 -> 0.3 | F62: =Unemployment!E67 -> 0.343
A63: Fortitude Valley | B63: =7338/Education!F63 -> 0.75587145 | C63: ='Alcohol Consumption'!B63 -> 0.152 | D63: =Education!G63 -> 0.039142975 | E63: =Poverty!B67 -> 0.098 | F63: =Unemployment!E68 -> 0.142
A64: West End | B64: =3951/Education!F64 -> 0.26822811 | C64: ='Alcohol Consumption'!B64 -> 0.2 | D64: =Education!G64 -> 0.044534963 | E64: =Poverty!B68 -> 0.092 | F64: =Unemployment!E69 -> 0.219
A65: Upper Mount Gravatt | B65: =3465/Education!F65 -> 0.32083333 | C65: ='Alcohol Consumption'!B65 -> 0.16 | D65: =Education!G65 -> 0.069722222 | E65: =Poverty!B69 -> 0.129 | F65: =Unemployment!E70 -> 0.317
A66: Richlands | B66: =3102/Education!F66 -> 0.5518591 | C66: ='Alcohol Consumption'!B66 -> 0.9 | D66: =Education!G66 -> 0.062978118 | E66: =Poverty!B70 -> 0.112 | F66: =Unemployment!E71 -> 0.225
A67: Aspley | B67: =1300/Education!F67 -> 0.10100225 | C67: ='Alcohol Consumption'!B67 -> 0.21 | D67: =Education!G67 -> 0.073498563 | E67: =Poverty!B71 -> 0.089 | F67: =Unemployment!E72 -> 0.347
A68: Sunnybank | B68: =1053/Education!F68 -> 0.11842105 | C68: ='Alcohol Consumption'!B68 -> 0.1 | D68: =Education!G68 -> 0.090418354 | E68: =Poverty!B72 -> 0.148 | F68: =Unemployment!E73 -> 0.375
A69: Chermside | B69: =2879/Education!F69 -> 0.25196919 | C69: ='Alcohol Consumption'!B69 -> 0.21 | D69: =Education!G69 -> 0.070190793 | E69: =Poverty!B73 -> 0.134 | F69: =Unemployment!E74 -> 0.3
A70: Dutton Park | B70: =300/Education!F70 -> 0.14058107 | C70: ='Alcohol Consumption'!B70 -> 0.2 | D70: =Education!G70 -> 0.071696345 | E70: =Poverty!B74 -> 0.118 | F70: =Unemployment!E75 -> 0.285
A71: Logan Central | B71: =2303/Education!F71 -> 0.37085346 | C71: ='Alcohol Consumption'!B71 -> 0.32 | D71: =Education!G71 -> 0.16827697 | E71: =Poverty!B75 -> 0.235 | F71: =Unemployment!E76 -> 0.45
A72: Everton Park | B72: =310/Education!F72 -> 0.030659678 | C72: ='Alcohol Consumption'!B72 -> 0.21 | D72: =Education!G72 -> 0.05518742 | E72: =Poverty!B76 -> 0.074 | F72: =Unemployment!E77 -> 0.243
A73: Palmerston City | B73: =395/Education!F73 -> 2.0360825 | C73: ='Alcohol Consumption'!B73 -> 0.42 | D73: =Education!G73 -> 0.020618557 | E73: =Poverty!B77 -> 0.14 | F73: =Unemployment!E78 -> 0.038
A74: Karama | B74: =150/Education!F74 -> 0.031230481 | C74: ='Alcohol Consumption'!B74 -> 0.42 | D74: =Education!G74 -> 0.088069956 | E74: =Poverty!B78 -> 0.18 | F74: =Unemployment!E79 -> 0.284
A75: Gray | B75: =120/Education!F75 -> 0.038192234 | C75: ='Alcohol Consumption'!B75 -> 0.44 | D75: =Education!G75 -> 0.074474857 | E75: =Poverty!B79 -> 0.2 | F75: =Unemployment!E80 -> 0.247
A76: Malak | B76: =130/Education!F76 -> 0.043146366 | C76: ='Alcohol Consumption'!B76 -> 0.42 | D76: =Education!G76 -> 0.089279788 | E76: =Poverty!B80 -> 0.19 | F76: =Unemployment!E81 -> 0.291
A77: Bakewell | B77: =100/Education!F77 -> 0.03235199 | C77: ='Alcohol Consumption'!B77 -> 0.36 | D77: =Education!G77 -> 0.054998382 | E77: =Poverty!B81 -> 0.13 | F77: =Unemployment!E82 -> 0.166
A78: Woodroffe | B78: =85/Education!F78 -> 0.026771654 | C78: ='Alcohol Consumption'!B78 -> 0.44 | D78: =Education!G78 -> 0.071496063 | E78: =Poverty!B82 -> 0.16 | F78: =Unemployment!E83 -> 0.217
A79: Driver | B79: =80/Education!F79 -> 0.029122679 | C79: ='Alcohol Consumption'!B79 -> 0.44 | D79: =Education!G79 -> 0.071714598 | E79: =Poverty!B83 -> 0.15 | F79: =Unemployment!E84 -> 0.2
A80: Zuccoli | B80: =130/Education!F80 -> 0.031469378 | C80: ='Alcohol Consumption'!B80 -> 0.36 | D80: =Education!G80 -> 0.036310821 | E80: =Poverty!B84 -> 0.1 | F80: =Unemployment!E85 -> 0.11
A81: Coconut Grove | B81: =90/Education!F81 -> 0.031120332 | C81: ='Alcohol Consumption'!B81 -> 0.39 | D81: =Education!G81 -> 0.078146611 | E81: =Poverty!B85 -> 0.18 | F81: =Unemployment!E86 -> 0.259
A82: Nightcliff | B82: =160/Education!F82 -> 0.041194645 | C82: ='Alcohol Consumption'!B82 -> 0.39 | D82: =Education!G82 -> 0.050720906 | E82: =Poverty!B86 -> 0.15 | F82: =Unemployment!E87 -> 0.191

Sheet Education
A1: Suburb | B1: Year 9 or below | C1: Inadequately Described | D1: No Educational Attainment | E1: Total | F1: Population | G1: Percentage
A2: Sydney CBD | B2: 159 | C2: 188 | D2: 222 | E2: =SUM(B2:D2) -> 569 | F2: 15675 | G2: =E2/F2 -> 0.036299841
A3: Blacktown | B3: 21688 | C3: 7891 | D3: 3431 | E3: =SUM(B3:D3) -> 33010 | F3: 396776 | G3: =E3/F3 -> 0.083195556
A4: Penrith | B4: 14025 | C4: 4513 | D4: 1128 | E4: =SUM(B4:D4) -> 19666 | F4: 217664 | G4: =E4/F4 -> 0.090350265
A5: Mount Druitt | B5: 8 | C5: 0 | D5: 1176 | E5: =SUM(B5:D5) -> 1184 | F5: 16986 | G5: =E5/F5 -> 0.069704462
A6: Campbelltown | B6: 11172 | C6: 3787 | D6: 1388 | E6: =SUM(B6:D6) -> 16347 | F6: 176519 | G6: =E6/F6 -> 0.092607595
A7: Liverpool | B7: 15802 | C7: 4746 | D7: 5223 | E7: =SUM(B7:D7) -> 25771 | F7: 233446 | G7: =E7/F7 -> 0.11039384
A8: Paramatta | B8: 8866 | C8: 5592 | D8: 1786 | E8: =SUM(B8:D8) -> 16244 | F8: 256729 | G8: =E8/F8 -> 0.063272945
A9: St Marys | B9: 966 | C9: 234 | D9: 106 | E9: =SUM(B9:D9) -> 1306 | F9: 13256 | G9: =E9/F9 -> 0.098521424
A10: Surry Hills | B10: 33 | C10: 308 | D10: 77 | E10: =SUM(B10:D10) -> 418 | F10: 15828 | G10: =E10/F10 -> 0.026408896
A11: Melbourne CBD | B11: 597 | C11: 925 | D11: 202 | E11: =SUM(B11:D11) -> 1724 | F11: 54941 | G11: =E11/F11 -> 0.031379116
A12: Yarra | B12: 262 | C12: 44 | D12: 10 | E12: =SUM(B12:D12) -> 316 | F12: 2875 | G12: =E12/F12 -> 0.10991304
A13: Carlton | B13: 297 | C13: 243 | D13: 119 | E13: =SUM(B13:D13) -> 659 | F13: 16055 | G13: =E13/F13 -> 0.041046403
... A82: Nightcliff | B82: 117 | C82: 60 | D82: 20 | E82: =SUM(B82:D82) -> 197 | F82: 3884 | G82: =E82/F82 -> 0.050720906

Sheet Alcohol Consumption
A1: Suburb | B1: Percentage Very High Risk Drinking (in LGA or LHD)
A2: Blacktown | B2: 0.085
A3: Sydney CBD | B3: 0.18
A4: Penrith | B4: 0.09 | D4: This measures the proportion of the population that drinks at highly risky amounts over the daily maximum safe alcohol consumption level, at least oncea week.
A5: Mount Druitt | B5: 0.085
A6: Campbelltown | B6: 0.09
A7: Liverpool | B7: 0.085
A8: Paramatta | B8: 0.07
A9: St Marys | B9: 0.09
A10: Surry Hills | B10: 0.18
A11: Melbourne CBD | B11: 0.135
A12: Yarra | B12: 0.22 | D12: Weekly Recommended Alcohol Consumption | E12: 10
A13: Carlton | B13: 0.22 | D13: Daily maximum safe alcohol consumption | E13: 4
A14: Frankston | B14: 0.108
A15: Campbellfield | B15: 0.076
A16: Docklands | B16: 0.135
A17: Southbank | B17: 0.135
A18: Broadmeadows | B18: 0.076
A19: St Kilda | B19: 0.206
A20: Melton | B20: 0.09
A21: Werribe | B21: 0.096
A22: Morwell | B22: 0.076
A23: Civic | B23: 0.268
A24: Belconnen | B24: 0.185
A25: Kambah | B25: 0.185
... A82: Nightcliff | B82: 0.39

Sheet Unemployment
A1: Suburb | B1: Proportion Not In Labour Force | C1: Proportion who refused to state if they were in labour force | D1: Total | E1: Total Disparity In Labour Force
A2: Blacktown | B2: =33.7% -> 0.337 | D2: =C2+B2 -> 0.337 | E2: =D2 -> 0.337
A3: Sydney CBD and South | B3: 0.25 | D3: =C3+B3 -> 0.25 | E3: =D3 -> 0.25
A4: Penrith | B4: 0.317 | D4: =C4+B4 -> 0.317 | E4: =D4 -> 0.317
A5: Mount Druitt | B5: 0.416 | D5: =C5+B5 -> 0.416 | E5: =D5 -> 0.416
A6: Campbelltown | B6: 0.373 | D6: =C6+B6 -> 0.373 | E6: =D6 -> 0.373
A7: Liverpool | B7: 0.404 | D7: =C7+B7 -> 0.404 | E7: =D7 -> 0.404
A8: Paramatta | B8: 0.33 | D8: =C8+B8 -> 0.33 | E8: =D8 -> 0.33
A9: St Marys | B9: 0.353 | D9: =C9+B9 -> 0.353 | E9: =D9 -> 0.353
A10: Surry Hills | B10: 0.212 | D10: =C10+B10 -> 0.212 | E10: =D10 -> 0.212
A12: National Proportion Outside Labour Force | B12: =0.331 -> 0.331
A13: National Proportion Refused to state if they were in labour force | B13: 0 | C13: =0.058 -> 0.058
A14: National Total
A16: Melbourne CBD | B16: 0.218 | D16: =SUM(B16:C16) -> 0.218 | E16: =D16-B14 -> 0.218
A17: Yarra | B17: 0.38 | D17: =SUM(B17:C17) -> 0.38 | E17: =D17-B14 -> 0.38
A18: Carlton | B18: 0.306 | D18: =SUM(B18:C18) -> 0.306 | E18: =D18-B14 -> 0.306
A19: Frankston | B19: 0.337 | D19: =SUM(B19:C19) -> 0.337 | E19: =D19-B14 -> 0.337
A20: Campbellfield | B20: 0.508 | D20: =SUM(B20:C20) -> 0.508 | E20: =D20-B14 -> 0.508
A21: Docklands | B21: 0.199 | D21: =SUM(B21:C21) -> 0.199 | E21: =D21-B14 -> 0.199
A22: Southbank | B22: 0.166 | D22: =SUM(B22:C22) -> 0.166 | E22: =D22-B14 -> 0.166
A23: Broadmeadows | B23: 0.451 | D23: =SUM(B23:C23) -> 0.451 | E23: =D23-B14 -> 0.451
A24: St Kilda | B24: 0.191 | D24: =SUM(B24:C24) -> 0.191 | E24: =D24-B14 -> 0.191
A25: Melton | B25: 0.444 | D25: =SUM(B25:C25) -> 0.444 | E25: =D25-B14 -> 0.444
A26: Werribe | B26: 0.318 | D26: =SUM(B26:C26) -> 0.318 | E26: =D26-B14 -> 0.318
A27: Morwell | B27: 0.449 | D27: =SUM(B27:C27) -> 0.449 | E27: =D27-B14 -> 0.449
A28: Civic | B28: 0.212 | D28: =SUM(B28:C28) -> 0.212 | E28: =D28-B14 -> 0.212
A29: Belconnen | B29: 0.219 | D29: =SUM(B29:C29) -> 0.219 | E29: =D29-B14 -> 0.219
A30: Kambah | B30: 0.335 | D30: =SUM(B30:C30) -> 0.335 | E30: =D30-B14 -> 0.335
A31: Phillip | B31: 0.159 | D31: =SUM(B31:C31) -> 0.159 | E31: =D31-B14 -> 0.159
A32: Gungahlin | B32: 0.202 | D32: =SUM(B32:C32) -> 0.202 | E32: =D32-B14 -> 0.202
A33: Braddon | B33: 0.142 | D33: =SUM(B33:C33) -> 0.142 | E33: =D33-B14 -> 0.142
A34: Ngunnawal | B34: 0.24 | D34: =SUM(B34:C34) -> 0.24 | E34: =D34-B14 -> 0.24
A35: Richardson | B35: 0.277 | D35: =SUM(B35:C35) -> 0.277 | E35: =D35-B14 -> 0.277
A36: Charnwood | B36: 0.297 | D36: =SUM(B36:C36) -> 0.297 | E36: =D36-B14 -> 0.297
A37: Narrabundah | B37: 0.3 | D37: =SUM(B37:C37) -> 0.3 | E37: =D37-B14 -> 0.3
A38: Adelaide CBD | B38: 0.336 | D38: =SUM(B38:C38) -> 0.336 | E38: =D38-B14 -> 0.336
A39: Sailsbury | B39: 0.446 | D39: =SUM(B39:C39) -> 0.446 | E39: =D39-B14 -> 0.446
A40: Elizabeth | B40: 0.469 | D40: =SUM(B40:C40) -> 0.469 | E40: =D40-B14 -> 0.469
A41: Daveron Park | B41: 0.467 | D41: =SUM(B41:C41) -> 0.467 | E41: =D41-B14 -> 0.467
A42: Oaklands Park | B42: 0.4 | D42: =SUM(B42:C42) -> 0.4 | E42: =D42-B14 -> 0.4
A43: Paralowie | B43: 0.332 | D43: =SUM(B43:C43) -> 0.332 | E43: =D43-B14 -> 0.332
A44: Ingle Farm | B44: 0.39 | D44: =SUM(B44:C44) -> 0.39 | E44: =D44-B14 -> 0.39
A45: Glenelg | B45: 0.435 | D45: =SUM(B45:C45) -> 0.435 | E45: =D45-B14 -> 0.435
A46: Port Adelaide | B46: 0.334 | D46: =SUM(B46:C46) -> 0.334 | E46: =D46-B14 -> 0.334
A47: Gepps Cross | B47: 0.396 | D47: =SUM(B47:C47) -> 0.396 | E47: =D47-B14 -> 0.396
A48: Perth CBD | B48: 0.183 | D48: =SUM(B48:C48) -> 0.183 | E48: =D48-B14 -> 0.183
A49: Northbridge | B49: 0.145 | D49: =SUM(B49:C49) -> 0.145 | E49: =D49-B14 -> 0.145
A50: Armadale | B50: 0.416 | D50: =SUM(B50:C50) -> 0.416 | E50: =D50-B14 -> 0.416
A51: Fremantle | B51: 0.274 | D51: =SUM(B51:C51) -> 0.274 | E51: =D51-B14 -> 0.274
A52: Gosnells | B52: 0.367 | D52: =SUM(B52:C52) -> 0.367 | E52: =D52-B14 -> 0.367
A53: Cannington | B53: 0.246 | D53: =SUM(B53:C53) -> 0.246 | E53: =D53-B14 -> 0.246
A54: Rockingham | B54: 0.401 | D54: =SUM(B54:C54) -> 0.401 | E54: =D54-B14 -> 0.401
A55: Cloverdale | B55: 0.286 | D55: =SUM(B55:C55) -> 0.286 | E55: =D55-B14 -> 0.286
A56: Midland | B56: 0.332 | D56: =SUM(B56:C56) -> 0.332 | E56: =D56-B14 -> 0.332
A57: Bentley | B57: 0.325 | D57: =SUM(B57:C57) -> 0.325 | E57: =D57-B14 -> 0.325
A58: Hobart CBD | B58: 0.326 | D58: =SUM(B58:C58) -> 0.326 | E58: =D58-B14 -> 0.326
A59: Glenorchy | B59: 0.374 | D59: =SUM(B59:C59) -> 0.374 | E59: =-B14+D59 -> 0.374
A60: Bridgewater | B60: 0.454 | D60: =SUM(B60:C60) -> 0.454 | E60: =-B14+D60 -> 0.454
A61: North Hobart | B61: 0.256 | D61: =SUM(B61:C61) -> 0.256 | E61: =-B14+D61 -> 0.256
A62: Gagebrook | B62: 0.48 | D62: =SUM(B62:C62) -> 0.48 | E62: =-B14+D62 -> 0.48
A63: Clarendon Vale | B63: 0.47 | D63: =SUM(B63:C63) -> 0.47 | E63: =-B14+D63 -> 0.47
A64: Warrane | B64: 0.396 | D64: =SUM(B64:C64) -> 0.396 | E64: =-B14+D64 -> 0.396
A65: Moonah | B65: 0.298 | D65: =SUM(B65:C65) -> 0.298 | E65: =D65-B14 -> 0.298
A66: Rokeby | B66: 0.33 | D66: =SUM(B66:C66) -> 0.33 | E66: =-B14+D66 -> 0.33
A67: Mornington | B67: 0.343 | D67: =SUM(B67:C67) -> 0.343 | E67: =-B14+D67 -> 0.343
A68: Fortitude Valley | B68: 0.142 | D68: =SUM(B68:C68) -> 0.142 | E68: =-B14+D68 -> 0.142
A69: West End | B69: 0.219 | D69: =SUM(B69:C69) -> 0.219 | E69: =D69-B14 -> 0.219
A70: Upper Mount Gravatt | B70: 0.317 | D70: =SUM(B70:C70) -> 0.317 | E70: =D70-B14 -> 0.317
A71: Richlands | B71: 0.225 | D71: =SUM(B71:C71) -> 0.225 | E71: =D71-B14 -> 0.225
A72: Aspley | B72: 0.347 | D72: =SUM(B72:C72) -> 0.347 | E72: =D72-B14 -> 0.347
A73: Sunnybank | B73: 0.375 | D73: =SUM(B73:C73) -> 0.375 | E73: =D73-B14 -> 0.375
A74: Chermside | B74: 0.3 | D74: =SUM(B74:C74) -> 0.3 | E74: =D74-B14 -> 0.3
A75: Dutton Park | B75: 0.285 | D75: =SUM(B75:C75) -> 0.285 | E75: =D75-B14 -> 0.285
A76: Logan Central | B76: 0.45 | D76: =SUM(B76:C76) -> 0.45 | E76: =D76-B14 -> 0.45
A77: Everton Park | B77: 0.243 | D77: =SUM(B77:C77) -> 0.243 | E77: =D77-B14 -> 0.243
A78: Palmerston City | B78: 0.038 | D78: =SUM(B78:C78) -> 0.038 | E78: =D78-B14 -> 0.038
A79: Karama | B79: 0.284 | D79: =SUM(B79:C79) -> 0.284 | E79: =D79-B14 -> 0.284
A80: Gray | B80: 0.247 | D80: =SUM(B80:C80) -> 0.247 | E80: =D80-B14 -> 0.247
A81: Malak | B81: 0.291 | D81: =SUM(B81:C81) -> 0.291 | E81: =D81-B14 -> 0.291
A82: Bakewell | B82: 0.166 | D82: =SUM(B82:C82) -> 0.166 | E82: =D82-B14 -> 0.166
A83: Woodroffe | B83: 0.217 | D83: =SUM(B83:C83) -> 0.217 | E83: =D83-B14 -> 0.217
A84: Driver | B84: 0.2 | D84: =SUM(B84:C84) -> 0.2 | E84: =D84-B14 -> 0.2
A85: Zuccoli | B85: 0.11 | D85: =SUM(B85:C85) -> 0.11 | E85: =D85-B14 -> 0.11
A86: Coconut Grove | B86: 0.259 | D86: =SUM(B86:C86) -> 0.259 | E86: =D86-B14 -> 0.259
A87: Nightcliff | B87: 0.191 | D87: =SUM(B87:C87) -> 0.191 | E87: =D87-B14 -> 0.191

Sheet Poverty
A1: Suburb | B1: Percentage Below Low Income Line | C1: Households | D1: Households Below Low Income Line
A2: Blacktown | B2: 0.125
A3: CBD | B3: =D3/C3 -> 0.1702815 | C3: 4334 | D3: 738
A4: Penrith | B4: 0.135
A5: Mount Druitt | B5: 0.166
A6: Campbelltown | B6: =D6/C6 -> 0.19451055 | C6: 6303 | D6: 1226
A7: Liverpool | B7: 0.151
A8: Paramatta | B8: 0.131
A9: St Marys | B9: =D9/C9 -> 0.18235171 | C9: 4771 | D9: 870
A10: Surry Hills | B10: =D10/C10 -> 0.13760288 | C10: 7776 | D10: 1070
A13: Low Income Household: | B13: Median Weekly Income below gross value of $650 per week per household
A15: Melbourne CBD | B15: 0.18 | C15: 12400
A16: Yarra | B16: 0.132 | C16: 40646
A17: Carlton | B17: 0.297 | C17: 10344
A18: Frankston | B18: 0.22 | C18: 17419
A19: Campbellfield | B19: 0.248 | C19: 1594
A20: Docklands | B20: 0.139 | C20: 7540
A21: Southbank | B21: 0.119 | C21: 17463
A22: Broadmeadows | B22: 0.255 | C22: 3789
A23: St Kilda | B23: 0.141 | C23: 14096
A24: Melton | B24: 0.266 | C24: 3024
A25: Werribe | B25: 0.161 | C25: 17614
A26: Morwell | B26: 0.323 | C26: 7032
A27: Civic | B27: 0.119
A28: Belconnen | B28: 0.105
A29: Kambah | B29: 0.1
A30: Phillip | B30: 0.076
A31: Gungahlin | B31: 0.091
A32: Braddon | B32: 0.119
A33: Ngunnawal | B33: 0.09
A34: Richardson | B34: 0.101
A35: Charnwood | B35: 0.12
A36: Narrabundah | B36: 0.075
A37: Adelaide CBD | B37: 0.275
A38: Sailsbury | B38: 0.23
... A86: Nightcliff | B86: 0.15

Sheet Sources
A1: Suburb
A2: Blacktown | B2: https://abs.gov.au/census/find-census-data/quickstats/2021/LGA10750
A3: CBD | B3: https://abs.gov.au/census/find-census-data/quickstats/2021/117
A4: Penrith | B4: https://abs.gov.au/census/find-census-data/quickstats/2021/LGA16350
A5: Mount Druitt | B5: https://abs.gov.au/census/find-census-data/quickstats/2021/SAL12767
A6: Campbelltown | B6: https://www.abs.gov.au/census/find-census-data/quickstats/2021/LGA11500
A7: Liverpool | B7: https://abs.gov.au/census/find-census-data/quickstats/2021/LGA14900
A8: Paramatta | B8: https://www.abs.gov.au/census/find-census-data/quickstats/2021/LGA16260
A9: St Marys | B9: https://abs.gov.au/census/find-census-data/quickstats/2021/SAL13658
A10: Surry Hills | B10: https://abs.gov.au/census/find-census-data/quickstats/2021/SAL13714
A12: Overall Crime Stats | B12: https://chatgpt.com/c/690d7409-b5f0-8323-ad05-481eececa02a | C12: https://www.crimestatistics.vic.gov.au/crime-statistics/latest-crime-data-by-area
A13: Alcohol Consumption | B13: https://www.google.com/search?q=risky+alcohol+consumption+southbank+victoria&sca_esv=72372a46cdac1766&rlz=1C1ONGR_enAU1027AU1027&sxsrf=ANbL-n5QfhjHEKzfKJpnnvWZYkQckt-r9w%3A1771040641702&udm=50&fbs=ADc_l-aN0CWEZBOHjofHoaMMDiKpaEWjvZ2Py1XXV8d8KvlI3p-ML-906rRL_m6h4jR-tdAeyw6pOVABma0FfM0NmtARdcuGnZVoiSrEQCt2b10nLpXfp_br5K9gAh-TQhLPkaHBtLmn0tz30EfEzwQQNIGBo7V5X8o_GSLLrPozKSwR65BedD1rccPZR5nEKAbQKlfKLtThFU0GV4KIdILZXC12o41Lmg&aep=1&ntc=1&sa=X&ved=2ahUKEwjA_NLCiNiSAxXFr1YBHRI5IZ4Q2J8OegQIEBAE&biw=1280&bih=631&dpr=1.5&mstk=AUtExfDpjfNz1hZY3dfnoXZUMRjZcocpybBs1EM6hLKg67syvLvuyLjAOaTa3hI3Kp_w1TNnB-KdeBzqFJTonlzcoZEG8LB4dSetx3qFH7t26IUTuAfMdZ8yuSg8qhL44fYGe1GHhDixcyPKKUknnA40CIffFPZeRmJ57e2ozdhoibYOkAjIsbcM3oBLLrY2cxXyAS8qcSTr51rVDl1-_UcAFTU2yORJq7MS9h-NuxS0nAQrClQJPZFUxrfPXh4xYQ8GeF2qxKjT5AJxNKQlVBpyC8HuiLNDBgU0QtnHFGUtDAo8z10xI0XmNYdvbTXhn7c4vu6iaWWy8UbR_g&csuir=1&mtid=he-PacGmOouE4-EPl6SBsQ4
A14: Poverty | B14: https://www.abs.gov.au/census/find-census-data/quickstats/2021/116?utm_source=chatgpt.com
A15: Non-Sydney Suburb ABS Data | B15: https://www.abs.gov.au/census/find-census-data/search-by-area
